user_id,nums/lenth username,fullname words,nums/lenth fullname,name==username,profile_pic,description length,external URL,private,#posts,#followers,#follows,fake
41555830,0.0,3,0.0,0,1,80,1,0,6014.0,38200.0,221,0
6382502,0.0,2,0.0,0,1,103,0,0,20300.0,4195.0,1249,0
1437714819189182468,0.15384615384615385,1,0.15384615384615385,1,1,74,0,1,26700.0,172.0,1,0
943389062,0.2222222222222222,1,0.2857142857142857,0,1,36,0,0,15300.0,24700.0,2384,0
705785298094047232,0.06666666666666667,2,0.0,0,1,141,0,0,15300.0,5256.0,232,0
